ID,Group,Feature_1,Feature_2,Feature_3
ID001,C,2894.009802402264,424.94891048932453,-2469.0608919129395
ID002,A,2031.2345280986992,385.0569136501027,4168.419016045585
ID003,A,2491.2801505401917,422.8263972270094,5359.708465485528
ID004,A,2932.3892395998455,403.6626258205425,6778.854589696825
ID005,B,2492.074275373996,406.34996095460934,4984.148550747992
ID006,B,2290.0111609997793,390.1893978329324,4580.022321999559
ID007,C,1598.2638952152652,431.3373161684337,-1166.9265790468314
ID008,B,2566.24278427647,399.0967055604507,5132.48556855294
ID009,C,2904.6957181482026,397.4810105370946,-2507.2147076111078
ID010,B,2319.4319107957567,409.47451273726665,4638.863821591513
ID011,C,2655.736119588476,376.0853045706046,-2279.6508150178715
ID012,C,2624.522326299213,377.20095243894264,-2247.3213738602703
ID013,A,2685.1245959153193,416.6312849981505,5972.217362755206
ID014,A,2097.0015280123284,418.83778896006726,4196.815639236649
ID015,A,3138.2298893271272,399.63505421732714,7416.514396894746
ID016,B,2342.183149736558,369.2809110069743,4684.366299473116
ID017,C,2449.919189018088,395.91014961664706,-2054.009039401441
ID018,C,2029.5732188723482,374.61076913778606,-1654.9624497345621
ID019,C,2503.5992865431963,421.3574525295114,-2082.2418340136846
ID020,C,2631.8784090704225,393.88165459058513,-2237.9967544798374
ID021,B,3144.9240968621425,411.3449811286772,6289.848193724285
ID022,C,2384.056142907703,380.6709736868371,-2003.385169220866
ID023,B,1968.8798384358852,413.0130150831426,3937.7596768717704
ID024,A,2546.4325736870132,408.629245860182,5596.15149176013
ID025,B,2443.0921243361427,404.5630782192616,4886.184248672285
ID026,C,2549.6954967943802,427.2187328190637,-2122.4767639753163
ID027,C,2375.2997699946936,424.5228740530085,-1950.776895941685
ID028,C,2374.1612226259012,375.3146103385507,-1998.8466122873506
ID029,C,2240.643773108641,393.8925383059823,-1846.751234802659
ID030,A,2423.1452481360393,396.20851966494496,5288.393146083393
ID031,A,2883.410763773081,386.5811562121172,6717.326510258656
ID032,C,2363.6618268238753,414.33763704685595,-1949.3241897770195
ID033,C,2770.7656363302513,375.19024192588137,-2395.57539440437
ID034,A,2394.8283772466025,396.0620858051567,5204.1747027140245
ID035,B,2550.1673977486557,385.35858884988886,5100.3347954973115
ID036,B,2190.5679158506828,377.5989013810537,4381.1358317013655
ID037,B,2737.092570077232,417.5178664218794,5474.185140154464
ID038,A,2410.584148428956,414.5350171435348,5159.0773595691935
ID039,C,2602.1198985706496,361.95269069353725,-2240.1672078771126
ID040,C,2221.612813256443,405.44131485763353,-1816.1714983988095
ID041,C,2097.2730680178943,382.0578102200592,-1715.215257797835
ID042,B,2561.659110224842,424.55460775342715,5123.318220449684
ID043,C,2800.150572335902,403.77014638584,-2396.380425950062
ID044,A,2248.165845746326,424.3693466846025,4622.650803815966
ID045,A,2504.9838766178855,396.3914894780877,5532.994182463218
ID046,A,2841.9386596649156,402.4457817237463,6513.587070376015
ID047,B,2301.5303478285964,391.1999622502148,4603.060695657193
ID048,B,2492.8662278998427,406.21921944286055,4985.732455799685
ID049,C,2715.6479414673877,406.40778238104406,-2309.2401590863437
ID050,A,2663.235625972434,417.5883600128008,5901.765077853297
ID051,B,2557.4434747134615,394.7264141995813,5114.886949426923
ID052,A,2564.3433765584127,421.8188890500977,5583.93568442475
ID053,C,2416.3709780920685,430.64978493268217,-1985.7211931593863
ID054,C,2499.9285379434777,373.7603641719451,-2126.1681737715326
ID055,B,2889.697375202351,394.19147708779104,5779.394750404702
ID056,A,2242.2725509053566,396.8788893106722,4742.42320616271
ID057,B,2418.1308775427556,381.6706461045355,4836.261755085511
ID058,B,2663.2233792776174,398.9881068045759,5326.446758555235
ID059,C,2544.9895793394676,403.4350802639113,-2141.554499075556
ID060,C,2463.3152393191835,391.3564919603009,-2071.9587473588826
ID061,B,2970.592732185592,412.2534311753701,5941.185464371184
ID062,A,2033.3278893501247,388.4171153957529,4157.898091071609
ID063,B,1974.5618485305977,379.99636209278754,3949.1236970611953
ID064,A,2788.369359149449,395.3632114732078,6388.292020082308
ID065,A,2261.6720534842157,400.4283725854149,4782.874297525574
ID066,C,3149.1933329654235,416.9440731058091,-2732.2492598596145
ID067,C,2232.5059595789967,394.3874000784389,-1838.1185595005577
ID068,B,2657.032771140467,399.8289830926661,5314.065542280934
ID069,C,2475.0777870263955,404.0938638800306,-2070.9839231463648
ID070,B,2058.789434301611,390.9768334608851,4117.578868603222
ID071,C,2996.4385072864047,408.6139695127249,-2587.82453777368
ID072,B,2500.116026753147,397.08826753288184,5000.232053506294
ID073,B,2783.248078273502,403.03336870538476,5566.496156547004
ID074,C,2356.9841381519627,392.423138741842,-1964.5609994101208
ID075,B,2228.177071233799,444.3165918862362,4456.354142467598
ID076,A,2855.0076571559557,360.5462958418458,6762.291492258639
ID077,A,2518.196348904003,394.71320453604693,5581.023024031775
ID078,C,2363.627815554489,392.8328838251162,-1970.794931729373
ID079,B,2529.1451518706995,402.4239166065379,5058.290303741399
ID080,C,2060.510045687759,425.3024923057097,-1635.2075533820494
ID081,C,2958.355398685686,412.32947223901346,-2546.0259264466727
ID082,B,2444.4256909117134,389.98891431090755,4888.851381823427
ID083,A,2420.0640666714785,407.0273370308964,5225.055514859953
ID084,C,2102.761421507276,414.495138938083,-1688.2662825691928
ID085,B,2642.1963563569043,407.8066422426673,5284.392712713809
ID086,B,2235.857890505509,398.2164268850832,4471.715781011018
ID087,A,2341.952512145629,400.50247513476353,5023.3451607630695
ID088,B,2661.4162489807536,396.6162309902687,5322.832497961507
ID089,B,3016.1536744293912,401.5860622192644,6032.3073488587825
ID090,A,2682.6067447853366,404.548614687085,6025.077160920585
ID091,C,1963.1935305522106,397.0647044113387,-1566.128826140872
ID092,C,2443.9231002387423,411.47404310876743,-2032.4490571299748
ID093,C,2239.5231218934637,393.2524335493268,-1846.270688344137
ID094,C,2904.4304737353027,415.5718659512407,-2488.858607784062
ID095,A,2372.2069283746014,423.59774133919996,4998.632078427804
ID096,C,2549.2468301353283,419.2433776079116,-2130.003452527417
ID097,B,2516.382910692317,404.2145599135947,5032.765821384634
ID098,C,2800.518125425951,386.6194590575644,-2413.8986663683863
ID099,C,2733.6675428322246,407.7634674843831,-2325.9040753478416
ID100,A,2347.0946989357208,399.88221910186803,5041.873001297822
ID101,A,3103.815932462475,375.41790692855733,7434.358262744637
ID102,A,2294.7685621967735,421.0184034113811,4779.213669533415
ID103,B,2445.5113955329416,426.3780887242817,4891.022791065883
ID104,A,2386.6831249941765,409.4339825953409,5112.879462005824
ID105,A,2380.393681678975,393.643357125793,5172.96425940796
ID106,B,2091.8506355633417,411.8460997362056,4183.701271126683
ID107,C,2665.9835146313094,414.0635144960315,-2251.920000135278
ID108,C,2470.72825405971,366.20058584838796,-2104.5276682113217
ID109,B,2626.136855002457,373.40622201855547,5252.273710004914
ID110,B,2467.7466623912396,386.55354074108163,4935.493324782479
ID111,C,2509.705582225798,410.1589439523554,-2099.5466382734426
ID112,A,3322.5306363850264,400.5475511474233,7964.854153417962
ID113,C,2253.0056950987964,401.30652607646516,-1851.6991690223313
ID114,B,2340.594241249586,399.3000680638318,4681.188482499172
ID115,A,1865.4540315023514,413.9085634955123,3526.8192770294927
ID116,C,2287.1899645250496,407.2342665326974,-1879.9556979923523
ID117,B,3338.4534025666476,386.9930432581156,6676.906805133295
ID118,B,2956.353700349204,407.40762022318427,5912.707400698408
ID119,C,2699.5342588370104,397.66848795809653,-2301.8657708789137
ID120,B,2341.905730017075,420.9592897512807,4683.81146003415
ID121,C,2661.271328128869,422.6058189926475,-2238.6655091362213
ID122,B,3052.350664114201,382.30836388322274,6104.701328228402
ID123,A,2193.6660193356884,406.64757012197816,4547.760207397174
ID124,B,2713.924279669341,420.9351366539321,5427.848559338682
ID125,B,2800.5135816215843,392.05512375851725,5601.027163243169
ID126,C,2972.0991901840334,411.8103699291994,-2560.288820254834
ID127,B,2262.22180208356,403.7326716028973,4524.44360416712
ID128,A,2648.875030594621,411.148587728576,5890.882153140983
ID129,A,3038.8196987950687,419.01619683126773,7021.378112228867
ID130,B,2139.150802222857,419.5359323754383,4278.301604445714
ID131,B,2500.9128043026785,395.9176941227725,5001.825608605357
ID132,A,2153.9686318505364,399.22702300909145,4465.770780506152
ID133,C,2406.452751061873,392.9838953351299,-2013.4688557267432
ID134,C,2657.962913615379,384.3877563409362,-2273.575157274443
ID135,C,2499.6895446638227,406.3962794048154,-2093.2932652590075
ID136,B,2287.9108647942026,404.69417894905183,4575.821729588405
ID137,A,2593.681344476397,383.2646675035099,5864.720695911641
ID138,C,2960.792237178528,418.51445019037277,-2542.277786988155
ID139,C,2404.535846561611,371.60358940626446,-2032.9322571553464
ID140,A,2187.3246385860384,375.07591850683247,4686.594323223953
ID141,A,2559.7034918134523,399.91784848017784,5679.521233039468
ID142,B,1970.5226690188933,416.53309162651635,3941.0453380377867
ID143,B,2355.880077345398,415.20244138621,4711.760154690796
ID144,A,2670.8527657581562,434.03198629985434,5842.398365775197
ID145,A,2126.711121523624,402.1948867268264,4369.158930936741
ID146,C,2370.2609349932877,407.62586140621823,-1962.6350735870694
ID147,A,2870.101093478538,397.04931100499334,6625.056725410648
ID148,B,2401.3679765803463,343.81966184003335,4802.735953160693
ID149,B,2996.4648252912193,377.1983008036293,5992.929650582439
ID150,B,2618.0261704043883,394.79741108492595,5236.0523408087765
ID151,C,2006.9599903262892,389.54622756247085,-1617.4137627638183
ID152,C,2216.751417114353,419.6099608821642,-1797.1414562321888
ID153,A,2705.104571729837,389.74538962270924,6166.586767075965
ID154,A,2774.0406793370985,416.4698185124485,6239.772945449053
ID155,A,2584.330099768478,394.35158723671907,5781.232363121838
ID156,C,2797.9613488972345,417.82205588582536,-2380.1392930114093
ID157,C,2546.3025416354635,426.9013825722536,-2119.40115906321
ID158,C,1942.7206008355386,419.46850448546485,-1523.2520963500738
ID159,A,2686.2632103621963,412.26590392037576,5997.46011148471
ID160,B,2528.399317891776,394.98556093073614,5056.798635783552
ID161,B,2704.719712388542,376.5238466321823,5409.439424777084
ID162,A,2474.4714987381535,421.34727503996874,5316.678121014616
ID163,B,2752.1253840447357,412.6117592459262,5504.250768089471
ID164,B,2543.9688701651753,377.8278006988868,5087.937740330351
ID165,B,2342.479247740699,412.65254345208854,4684.958495481398
ID166,C,2459.660270979704,394.9203051983281,-2064.7399657813758
ID167,C,2630.356654190839,413.47889305132566,-2216.8777611395135
ID168,C,2690.0858736931596,404.5112924893106,-2285.574581203849
ID169,B,3170.9827504823593,378.23584106620194,6341.965500964719
ID170,C,2795.9197584323792,407.31472199747606,-2388.605036434903
ID171,C,2207.139787588862,408.2925148474641,-1798.8472727413978
ID172,A,2460.8031610317184,409.7794795427738,5333.512085381286
ID173,C,2563.1011107170543,373.8020472296261,-2189.299063487428
ID174,C,2556.674549286138,412.53994831754454,-2144.134600968593
ID175,C,2399.2721347341,392.32475970098506,-2006.947375033115
ID176,B,1998.1598755324205,397.5672575213034,3996.319751064841
ID177,C,2097.019809912028,417.46082375797226,-1679.5589861540557
ID178,C,2972.4294062745757,389.90312350445186,-2582.526282770124
ID179,C,2705.4795015688383,421.8886262785528,-2283.5908752902856
ID180,A,2399.534187007397,435.6553065877129,5020.326028083627
ID181,A,2800.2920114887906,385.7348851650383,6472.20160864118
ID182,A,2582.3743962166104,396.0067187577401,5767.089594861131
ID183,C,2550.5550481076375,390.8551492676296,-2159.699898840008
ID184,A,2320.2573483403994,395.96745241009114,4980.934782970742
ID185,A,2610.56577173703,402.9338803158155,5817.027913632012
ID186,C,2850.5619357816404,412.8968488864584,-2437.665086895182
ID187,A,2872.0324922915265,396.0519054871952,6635.8379494386045
ID188,C,2833.571483798921,417.1202565986361,-2416.451227200285
ID189,B,2660.573641326544,398.4709494014055,5321.147282653088
ID190,A,2204.836034981656,398.8500988240504,4620.257610824718
ID191,C,2328.1756311951003,401.8125573321091,-1926.3630738629913
ID192,C,2685.5118814869247,416.14910025421545,-2269.3627812327095
ID193,A,2966.015262292629,406.51300245369004,6865.480774609437
ID194,A,2532.107049745316,400.8464822486251,5592.088737992823
ID195,C,2583.456628221426,394.31665237416865,-2189.139975847257
ID196,A,2501.003937522379,400.7174585610852,5499.424519761712
ID197,A,1684.0999789920295,405.1243896424575,3026.6779887638004
ID198,B,2010.9119745266821,423.5187955658537,4021.8239490533642
ID199,A,2846.7940026727583,399.28570779116774,6543.953469062435
ID200,B,2674.4152290262427,387.67262793683284,5348.8304580524855
ID201,C,2094.7206318418766,397.3100540232776,-1697.410577818599
ID202,B,2621.1241909221435,397.499870531608,5242.248381844287
ID203,B,1960.064683577541,404.9982899440306,3920.129367155082
ID204,C,2179.818629187686,391.83077586354534,-1787.9878533241406
ID205,B,2516.234708957201,390.19547784553976,5032.469417914402
ID206,A,2658.2426235846674,365.3346106723038,6148.0548173924835
ID207,B,2329.2163032847343,424.18405249494606,4658.432606569469
ID208,B,2340.6947594081053,387.900782828693,4681.3895188162105
ID209,C,2729.410837714416,408.36826447602834,-2321.042573238388
ID210,B,2636.540298855085,408.7030156368491,5273.08059771017
ID211,C,2143.5606089447833,381.9127501410513,-1761.647858803732
ID212,B,2947.7065161628066,400.39873269561144,5895.413032325613
ID213,B,2583.7438386094977,407.54075067826,5167.4876772189955
ID214,B,2231.4099240455957,423.14833664394314,4462.8198480911915
ID215,B,2326.8864142453085,413.31430817103416,4653.772828490617
ID216,B,2305.345083485314,369.34713322556183,4610.690166970628
ID217,A,2826.6520298471337,387.8626376644966,6540.642901218918
ID218,C,2213.6939890192366,393.46473938349595,-1820.2292496357406
ID219,B,2666.6228879510654,432.77215308081713,5333.245775902131
ID220,A,2497.3364877456916,383.8237173126688,5572.89087667373
ID221,A,2145.0180159738998,433.1989373538783,4269.059361152308
ID222,A,2679.168395333087,406.7079078099259,6003.965646949632
ID223,A,2228.540223389729,398.5082965827768,4693.079187255302
ID224,C,2073.6133970434603,391.3901200290915,-1682.2232770143687
ID225,A,2482.0309249293446,425.9175092506514,5316.505228534777
ID226,A,2465.848330393536,394.7256023931846,5423.916979214685
ID227,B,3019.5276457767527,409.20762466296753,6039.055291553505
ID228,B,2075.2534247247077,397.1376307138229,4150.506849449415
ID229,C,2328.3012081082206,385.2938370634474,-1943.0073710447732
ID230,B,2811.707069984458,374.0265301309719,5623.414139968916
ID231,A,3192.017670571549,402.7533194029129,7562.286414700082
ID232,A,2634.536378162858,394.2270203145155,5932.474032915996
ID233,A,2591.326407602998,381.90479097277233,5864.455267945133
ID234,A,2692.4047518555876,371.19458347424916,6221.2413381955175
ID235,A,2338.8798012230864,400.3068889255287,5015.104959041615
ID236,A,2272.2939432207436,379.74926583833565,4918.135500470552
ID237,A,3032.2605985167515,406.1659143036265,7065.952224032122
ID238,A,2405.884504168867,423.89175160873873,5098.1947544629065
ID239,B,2994.168234253889,428.63700055808783,5988.336468507778
ID240,C,2645.0830657620368,426.32820934557384,-2218.754856416463
ID241,C,2288.1405661527247,395.9227823803019,-1892.2177837724228
ID242,C,2141.245709873889,419.35011475722655,-1721.8955951166627
ID243,A,2113.614736508098,396.5164132948521,4358.262143050033
ID244,B,2135.5089037003113,406.4302441013465,4271.017807400623
ID245,A,2399.1278448266235,389.15441721859133,5251.611448386913
ID246,C,2842.1883933993195,405.8601509103235,-2436.328242488996
ID247,B,2215.0798116811065,424.8952287126879,4430.159623362213
ID248,C,2354.0655110713533,413.1088161939429,-1940.9566948774104
ID249,B,2338.5882201779373,382.29682135951725,4677.176440355875
ID250,C,3008.6658740939793,396.8667307644523,-2611.799143329527
ID251,A,2243.236110440959,391.7549364257625,4770.933649194063
ID252,C,2576.9425226445055,381.2068006565508,-2195.7357219879545
ID253,C,2087.7776236863137,380.8485875981141,-1706.9290360881996
ID254,C,2622.119253597617,428.21734518651533,-2193.9019084111014
ID255,A,3000.659724645559,416.62340138598665,6918.862167006744
ID256,A,2773.6629846589194,373.720092557988,6452.388491186817
ID257,B,2605.4060575512,385.3915173194471,5210.8121151024
ID258,B,2704.040098460466,413.6309740810805,5408.080196920932
ID259,B,2442.415072083897,392.36160745742836,4884.830144167794
ID260,A,2657.2813308507693,384.64899944159936,6048.598995344311
ID261,B,2930.3740019205807,393.8159004831787,5860.748003841161
ID262,C,2781.426672988298,383.9044219810073,-2397.522251007291
ID263,C,2703.5161215099183,390.9788407512181,-2312.5372807587
ID264,B,2321.452718052737,403.33267465215533,4642.905436105474
ID265,C,2317.7933713168604,414.2404390361313,-1903.5529322807292
ID266,B,2263.7363433338887,410.56279296578214,4527.472686667777
ID267,C,2838.1550017356476,379.61554598443274,-2458.539455751215
ID268,A,2304.706043037688,417.2271180922481,4827.982538651822
ID269,B,3090.638480214919,397.5719097681758,6181.276960429838
ID270,C,2896.233228969515,390.5886112133072,-2505.644617756208
ID271,C,2597.4834197639066,409.2641771324192,-2188.2192426314873
ID272,A,2533.4540453249633,378.26457282107924,5709.039271869495
ID273,A,2577.978001073149,415.16635400195327,5658.10223320968
ID274,C,2061.7615751177514,391.0029780291324,-1670.758597088619
ID275,B,2289.521897346146,412.9416304000081,4579.043794692292
ID276,B,2321.7945564623865,424.92749207566595,4643.589112924773
ID277,C,2379.9645339752647,387.23967432416015,-1992.7248596511045
ID278,C,2202.395291474637,403.1174555387452,-1799.2778359358917
ID279,C,2165.1199580702905,398.0921855275258,-1767.0277725427648
ID280,A,2081.259270302071,404.19214932402383,4222.817064286093
ID281,C,2189.8483188657983,410.78093962680106,-1779.0673792389973
ID282,C,2381.029681338592,392.0265818526649,-1989.0030994859271
ID283,B,2740.4338155052515,386.7962886290119,5480.867631010503
ID284,C,2518.9776612348037,394.34691716769834,-2124.6307440671053
ID285,C,2694.4663139576883,382.63477532629406,-2311.8315386313943
ID286,A,2347.5355232375805,398.11551341970045,5052.029002614239
ID287,A,2411.798221916983,378.96646873521235,5340.562322074888
ID288,B,2627.9535917086782,436.37000584039765,5255.9071834173565
ID289,A,2822.330261942956,370.6593640407531,6613.6939656251025
ID290,B,2580.0967171323655,386.5399140258939,5160.193434264731
ID291,C,2527.5185006627416,414.8442265923552,-2112.6742740703867
ID292,B,2522.228336477066,416.4468413282164,5044.456672954132
ID293,B,2319.794547875041,406.81477956907435,4639.589095750082
ID294,B,2886.3877779883223,384.725799976785,5772.775555976645
ID295,B,2197.4731924381585,433.573554125981,4394.946384876317
ID296,A,2979.6517427475187,406.09380350301126,6908.486210727499
ID297,C,2760.1067013977354,419.4393974711137,-2340.6673039266216
ID298,B,2786.890703876569,407.0350317771069,5573.781407753138
ID299,B,2459.977894134599,367.0701177187853,4919.955788269198
ID300,A,2699.436095314356,381.6741257389417,6189.93765724836
ID301,A,2018.6687768718912,414.45120329705355,3983.750314130406
ID302,C,2094.189322483307,401.61012072629165,-1692.5792017570154
ID303,A,2334.5480495594998,381.16802235246394,5097.804036916179
ID304,C,2144.013249390179,391.9789095796892,-1752.03433981049
ID305,A,2342.8583125566142,414.3925906359234,4956.611984490225
ID306,C,2270.9632314800197,387.8919883490732,-1883.0712431309464
ID307,A,2316.653089894005,399.9196850873074,4950.360844245477
ID308,C,2603.532586924841,402.62863486070387,-2200.9039520641372
ID309,C,2240.025914179332,427.60361423296047,-1812.4222999463718
ID310,A,2331.202829504906,372.66650281836525,5130.2759744228915
ID311,B,2322.9928835631717,394.37904507652735,4645.9857671263435
ID312,C,2788.756521939133,426.48460648940767,-2362.2719154497254
ID313,C,2475.035966374934,396.7808254559748,-2078.255140918959
ID314,A,2412.397349925269,395.36026785566736,5260.39071049747
ID315,A,2458.982093036391,405.38686024615083,5350.011977878417
ID316,B,2060.768658296518,411.8083333868726,4121.537316593036
ID317,C,2423.0592745442223,395.50422030358317,-2027.555054240639
ID318,A,2761.0409175475393,392.4708966231637,6320.768269526799
ID319,A,2575.716821823984,403.58151724294646,5709.242879257219
ID320,B,2212.0948011530522,402.82283578434965,4424.1896023061045
ID321,A,1800.3476212021953,383.22508900269406,3484.917418593116
ID322,A,2291.5244733166764,405.7932974413285,4845.606932743387
ID323,B,2399.0128504406985,403.36183936825944,4798.025700881397
ID324,A,2656.698694379557,379.6122433281641,6072.03486649785
ID325,C,2619.5827374306778,416.4083521772955,-2203.1743852533823
ID326,A,2164.5124140646044,381.18521976220217,4587.611143382803
ID327,C,2580.316959199358,356.1233084408112,-2224.1936507585465
ID328,B,3163.8118014441216,409.8186640454004,6327.623602888243
ID329,A,2300.603734013822,418.40867563105934,4809.767823886169
ID330,A,2930.3517959895203,406.0175526986899,6760.967624475112
ID331,C,2194.81717572779,393.86805642236,-1800.94911930543
ID332,A,2705.7018945425148,432.2885794478999,5955.662786388044
ID333,C,2131.5433153949393,370.42088929537374,-1761.1224260995655
ID334,A,2499.0065016626268,391.25783822892345,5540.7303138432635
ID335,A,2265.5736813912144,389.75449706828806,4847.948558832203
ID336,C,3002.5201496795776,396.7872256367636,-2605.732924042814
ID337,B,2212.8170424280906,389.9438989008265,4425.634084856181
ID338,B,3255.501863011727,401.44466795956146,6511.003726023454
ID339,A,2314.6986823515704,387.07149465259863,5008.7385737917175
ID340,B,2533.848678298516,416.8015386966156,5067.697356597032
ID341,B,2456.2033361317194,421.32159235334876,4912.406672263439
ID342,A,2135.3066553442,398.8080333831348,4411.879799116925
ID343,A,2694.6093027164893,408.986734943869,6038.894233430123
ID344,B,2931.966202438131,391.2860636933228,5863.932404876262
ID345,A,2190.775351285714,424.5407876200662,4449.622115756811
ID346,A,2792.6989096691127,427.1912487927058,6242.14048504381
ID347,A,2244.800294389668,388.5791522894916,4791.505121721546
ID348,B,1924.5788371957167,391.4780822199068,3849.1576743914334
ID349,A,2456.381723588401,405.91710059487025,5339.5596677908525
ID350,B,2605.0410343942485,416.0459365138802,5210.082068788497
ID351,A,2653.6447671304227,414.2918518275442,5889.475042253547
ID352,C,2444.0039683680093,391.9378980232343,-2052.0660703447747
ID353,A,3167.2789736007967,419.8148854144734,7402.762493730023
ID354,C,2519.23941872344,402.3001237196266,-2116.939295003813
ID355,B,2777.974119777582,368.7365413604477,5555.948239555164
ID356,B,2308.6791043833414,402.66236739333453,4617.358208766683
ID357,B,2477.3461645202183,401.7886029732337,4954.692329040437
ID358,A,2671.060395893646,411.22300158383916,5957.066179761741
ID359,C,2601.8331606033244,407.3161732539135,-2194.516987349411
ID360,A,1970.7441390996169,375.16197294316845,4036.422552583008
ID361,B,2665.650687776227,432.0332018508309,5331.301375552454
ID362,A,3084.4243048157537,389.16492603326043,7307.448284280959
ID363,A,2327.5709211352546,415.8873195101443,4903.276165855042
ID364,B,2412.154434437803,418.4867870213177,4824.308868875606
ID365,B,2493.3033655773734,402.6378381205143,4986.606731154747
ID366,B,2409.452717085366,391.7483567584303,4818.905434170732
ID367,C,2528.0374699903427,418.512898184255,-2109.524571806088
ID368,B,2664.392195000231,396.4655660142913,5328.784390000462
ID369,B,2680.0934734914895,416.98463915996433,5360.186946982979
ID370,B,1946.5198709720687,396.5768339106841,3893.0397419441374
ID371,C,2854.7119539757155,378.8749177265144,-2475.837036249201
ID372,A,2993.1869586134494,399.90627257121935,6980.0295129842525
ID373,A,2392.3843191291417,391.6246203105119,5219.029855834866
ID374,A,2496.914684510468,393.1248389444437,5525.119858809185
ID375,C,2516.68634545797,370.82999421109366,-2145.8563512468763
ID376,C,2486.8125215770083,425.0625309629165,-2061.749990614092
ID377,B,1967.2896066312774,371.2570026616201,3934.5792132625547
ID378,B,2386.063495974262,401.92241383922203,4772.126991948524
ID379,A,2854.4834442198357,387.6434314237455,6625.23317554078
ID380,A,3186.6201033572006,412.2653915162089,7498.533352490558
ID381,C,2126.912808502615,405.7182868324144,-1721.1945216702006
ID382,C,2605.098051174044,402.52222590155094,-2202.575825272493
ID383,C,2176.663302329562,396.68484541252315,-1779.978456917039
ID384,B,2447.0231459593565,379.6839548893701,4894.046291918713
ID385,C,2185.919702004717,409.6600975995238,-1776.259604405193
ID386,C,2018.5892538127423,396.9798653170403,-1621.609388495702
ID387,A,2160.7156641613146,415.2857665927045,4405.718159520422
ID388,C,2154.8610757182573,403.1799120259526,-1751.6811636923048
ID389,A,2627.3828268061698,394.4318368190092,5909.989296323463
ID390,C,2428.556970067513,412.6897394196224,-2015.8672306478904
ID391,B,2046.3703562308544,395.14984961490126,4092.740712461709
ID392,B,2052.726745231424,397.92326120967095,4105.453490462848
ID393,C,2146.8646896867367,410.8262799445804,-1736.0384097421563
ID394,B,2567.9773393139267,407.5248117280338,5135.954678627853
ID395,B,2355.4183501416087,416.2978089975977,4710.836700283217
ID396,B,2604.822001867125,397.70826267498353,5209.64400373425
ID397,B,2419.9062443868715,420.1741559383266,4839.812488773743
ID398,A,2359.0491407959,393.9391288636041,5107.451778069679
ID399,B,2103.4197040797953,397.92210438386917,4206.839408159591
ID400,B,2866.33522474383,392.8340308461027,5732.67044948766
ID401,C,2304.6724400830894,388.06409406048647,-1916.608346022603
ID402,A,2248.6855157490622,400.1040771760194,4745.536161367089
ID403,A,2744.3706653171107,397.4174336885912,6246.024827508377
ID404,B,2307.2960412042244,393.46403762392015,4614.592082408449
ID405,A,2599.494291770003,379.3198336762273,5901.883706928874
ID406,B,2763.569194372716,395.65184961970766,5527.138388745432
ID407,B,2174.7660365893257,403.58526537554945,4349.532073178651
ID408,B,2636.5499434205094,424.14168380114694,5273.099886841019
ID409,A,1804.1666795604795,395.7418583223151,3433.7907470698624
ID410,A,2738.336180541527,380.1435296355234,6314.290893446965
ID411,A,2674.1624860304996,405.14776125562645,5996.748651813366
ID412,B,2606.657851613286,431.41388569552765,5213.315703226572
ID413,C,2283.447483117517,401.68477087776967,-1881.7627122397475
ID414,C,2243.5896900671505,395.98042474054466,-1847.609265326606
ID415,C,2395.4834659717494,411.7553081587598,-1983.7281578129896
ID416,C,3256.6245084125476,406.1343067349208,-2850.490201677627
ID417,A,2071.9521296764888,398.23615220634036,4224.675627997764
ID418,C,2289.464591139039,404.2435245059348,-1885.221066633104
ID419,C,2745.6174765754936,398.4371912751783,-2347.1802853003155
ID420,B,2375.5519364117677,393.2361358863497,4751.103872823535
ID421,C,2443.174393702217,405.9434411325758,-2037.2309525696412
ID422,B,2920.5271888984976,429.77954461768246,5841.054377796995
ID423,C,2369.0215074851135,388.92929719265913,-1980.0922102924544
ID424,C,2603.5397291507957,378.53621816081306,-2225.0035109899827
ID425,A,2269.662890606569,406.9708195280319,4774.134574179548
ID426,C,2543.3537409727605,431.11518202069846,-2112.2385589520622
ID427,A,2273.7272877202868,415.68965947226303,4742.7335657995445
ID428,B,3106.0712001729576,420.95276068194266,6212.142400345915
ID429,A,2400.7049002735575,380.99155237600877,5297.156938940629
ID430,B,1912.2588377305594,422.6126638758471,3824.517675461119
ID431,B,2365.2500766490193,369.0383367032979,4730.500153298039
ID432,C,2494.370418741971,405.4252154423242,-2088.945203299647
ID433,B,1959.1236084193595,381.539245383677,3918.247216838719
ID434,C,2503.4166157259347,396.6830847895913,-2106.7335309363434
ID435,C,2759.1279390791483,418.41685060553743,-2340.7110884736107
ID436,A,2346.1965636811037,420.81582938132004,4934.51054413671
ID437,A,3076.155673588026,394.82573812048986,7254.338330161629
ID438,A,3021.5035108335937,406.7036455915014,7030.992304543273
ID439,A,2642.7754543903966,404.09616201737526,5907.845553084313
ID440,C,2438.7012013687217,397.75744857941936,-2040.9437527893024
ID441,C,2192.8475251935133,389.46711888435436,-1803.3804063091588
ID442,B,2406.9066125712143,422.9704469966914,4813.813225142429
ID443,B,2317.2409680212445,396.3138594749905,4634.481936042489
ID444,C,2493.730352046502,413.8689513801093,-2079.861400666393
ID445,A,2488.020899146901,385.0638833807111,5538.743280537146
ID446,C,2874.9757856242218,397.79155985468026,-2477.1842257695416
ID447,A,2154.7368536025347,413.37318854002785,4397.344618107464
ID448,A,2301.004750350428,382.30485333572005,4991.4899843726835
ID449,C,2752.287786308944,416.6114914575848,-2335.676294851359
ID450,B,2479.544189887955,409.95717463803305,4959.08837977591
ID451,B,2451.515329553571,388.8948768666583,4903.030659107142
ID452,A,2789.8580334516696,406.39509454011153,6337.598627654451
ID453,B,3115.1334448218267,380.8548459697769,6230.2668896436535
ID454,C,2619.383823784105,409.4116835228944,-2209.972140261211
ID455,B,2585.1361533354084,396.3437834302606,5170.272306670817
ID456,B,2145.636006915564,404.82122002641944,4291.272013831128
ID457,B,2665.368258114011,415.2706400994623,5330.736516228022
ID458,C,2685.5889290242653,406.28422117789495,-2279.3047078463705
ID459,A,2858.144159317421,388.5192757913873,6631.836098995326
ID460,B,2517.2467186468198,388.6967461231778,5034.4934372936395
ID461,B,2672.9505128605792,399.40570974809344,5345.9010257211585
ID462,A,2550.425390730278,402.5025232865414,5638.763555758127
ID463,B,2550.400467952229,422.50847181194786,5100.800935904458
ID464,A,2275.856572181524,403.8698570500696,4808.220431294224
ID465,B,2403.0760027288543,398.05808184227277,4806.152005457709
ID466,B,2599.8680112447905,395.0765455053878,5199.736022489581
ID467,B,3273.086810774265,410.0518175155694,6546.17362154853
ID468,C,2223.7028833958493,395.59274974785194,-1828.1101336479974
ID469,A,2767.464502516427,407.88415451599394,6262.972734969311
ID470,A,2564.723161332238,386.44968530580877,5761.921057467669
ID471,B,2595.2679540463655,402.763239500847,5190.535908092731
ID472,B,2428.9560488970137,384.6068114994627,4857.912097794027
ID473,C,3099.0959071779093,406.1123840765759,-2692.9835231013335
ID474,A,2970.57702964183,412.1815621574078,6850.82327813845
ID475,B,2542.118924109314,409.99524972038336,5084.237848218628
ID476,B,2341.644575228091,408.97201458064086,4683.289150456182
ID477,C,2307.881629132789,405.7650648578814,-1902.1165642749074
ID478,A,2514.4784320250455,398.70563130079114,5549.907139571181
ID479,B,2816.349596568492,378.3684454537948,5632.699193136984
ID480,B,2792.580928088617,406.0020156723476,5585.161856177234
ID481,C,2446.4460735324296,403.3305126164386,-2043.115560915991
ID482,B,2312.72153612078,398.00355609783077,4625.44307224156
ID483,B,2354.1630370324574,405.95084598802185,4708.326074064915
ID484,A,2105.6793468522906,416.56849211269196,4234.195579993412
ID485,C,2161.144559885163,392.47473171698147,-1768.6698281681813
ID486,B,2308.692787777217,393.42489003253337,4617.385575554434
ID487,C,2534.5757939095447,407.4902011047897,-2127.085592804755
ID488,B,2475.9343849671764,396.0280731268677,4951.868769934353
ID489,C,2352.5385162978746,395.1056842497301,-1957.4328320481445
ID490,C,2583.897098905351,382.8537264844436,-2201.0433724209074
ID491,B,1918.8832054703191,389.32601326105345,3837.7664109406383
ID492,C,2160.358037645486,389.51152787196594,-1770.8465097735202
ID493,B,2500.9240431502562,399.99886809944894,5001.8480863005125
ID494,C,2301.8931986334655,412.39595146047753,-1889.497247172988
ID495,C,2155.510600166879,410.7848391666983,-1744.725761000181
ID496,C,2682.300218742381,406.09409485013924,-2276.2061238922415
ID497,C,2604.4361505782385,409.80055794964176,-2194.635592628597
ID498,C,2099.8404766490635,383.321573603995,-1716.5189030450686
ID499,A,2288.30117893082,423.223080694817,4748.788133318374
ID500,C,2339.3345430033755,433.63697261216487,-1905.6975703912108
ID501,A,2031.7483304061595,384.28002099350704,4173.844886250943
ID502,A,2709.943824964028,410.4549238100375,6077.556855841896
ID503,B,1926.8458505642707,378.5429820578191,3853.6917011285414
ID504,B,2764.4753948723787,415.13251653475726,5528.9507897447575
ID505,A,2625.2218530230834,404.91649284518076,5851.083094843346
ID506,A,2186.29234651935,417.2704215561638,4472.52493177723
ID507,A,2774.3954569342923,400.01863813550295,6323.093180125361
ID508,A,2323.9608267565336,415.86786693229794,4892.543145608111
ID509,B,2604.013336268879,375.49941750463586,5208.026672537758
ID510,A,2179.810528200803,406.77670714243555,4505.548048890231
ID511,B,2392.2239427000063,393.71815303196934,4784.447885400013
ID512,A,2399.1761414453126,372.61227843655877,5334.467032153145
ID513,A,2371.50799333282,410.1586958370605,5063.730500813159
ID514,A,1735.480269541759,398.7704835545929,3212.588390852313
ID515,C,2667.8358653407313,423.4209280049677,-2244.4149373357636
ID516,B,2340.8556345309116,414.18949405644037,4681.711269061823
ID517,C,2352.9918748183127,391.1044925584787,-1961.8873822598339
ID518,B,2247.1191309086253,407.884004047667,4494.2382618172505
ID519,B,1989.500643531512,370.52643207411927,3979.001287063024
ID520,C,2466.778232259831,399.50942240706286,-2067.268809852768
ID521,B,2328.270266775467,419.12355879959154,4656.540533550934
ID522,B,3132.9303517148505,400.18426736358407,6265.860703429701
ID523,C,2329.0469998966687,395.863900584818,-1933.1830993118506
ID524,C,2294.328976537966,370.5423260278108,-1923.7866505101551
ID525,C,2343.9340425841474,373.14289164442465,-1970.7911509397227
ID526,A,2475.969742341819,409.47689343633414,5380.524759843786
ID527,B,2880.021872053544,378.27858971119235,5760.043744107088
ID528,B,2831.0308940075297,427.5735975007194,5662.061788015059
ID529,C,1846.926697869641,404.519788702206,-1442.406909167435
ID530,B,2555.85119863474,431.56569083396244,5111.70239726948
ID531,C,1971.8613001953477,387.7136964364639,-1584.1476037588836
ID532,A,2657.2034191412736,414.21907558224177,5900.514879512612
ID533,B,2065.2039536474954,384.4934557351958,4130.407907294991
ID534,B,2551.4863721174383,423.07138312832507,5102.972744234877
ID535,C,2102.2060034111973,372.36893958902664,-1729.8370638221706
ID536,B,2410.6035930352978,397.3447246546193,4821.2071860705955
ID537,C,2382.75483994426,398.21411151824896,-1984.540728426011
ID538,A,2891.4960567048024,409.7660782045065,6625.6577790918745
ID539,A,1796.6279556920133,419.0430451868402,3294.6686411418386
ID540,C,2320.5268191695172,379.8776005636657,-1940.6492186058515
ID541,C,2931.134296465989,395.6000067478728,-2535.5342897181163
ID542,B,2865.351996763395,396.363116478814,5730.70399352679
ID543,A,2690.6841753954614,354.1451538798599,6301.326756787084
ID544,A,2583.16588263934,428.77604525794743,5605.617421628283
ID545,A,2610.57841681377,391.317584586042,5875.1473275111
ID546,B,2651.6833987568716,427.71169385063575,5303.366797513743
ID547,C,2473.554930220966,406.8060891048629,-2066.748841116103
ID548,C,2343.47267525571,395.463246347432,-1948.0094289082779
ID549,B,2273.3707866637506,421.03836530063194,4546.741573327501
ID550,A,2448.1000221594036,418.185315657925,5253.373488188585
ID551,B,2373.155609398537,375.79788744911883,4746.311218797074
ID552,A,2276.1049897477847,391.39050370436587,4871.3624507215245
ID553,A,2539.3349538224024,406.3734114103788,5586.1378044153125
ID554,C,2464.277679016206,418.86316699409343,-2045.4145120221126
ID555,C,2074.5814335486825,384.01986175703126,-1690.5615717916512
ID556,A,2238.7334466999264,404.1453425893966,4695.473627152796
ID557,C,2614.819750735687,425.2020182734691,-2189.617732462218
ID558,B,2328.728948449966,389.80998011906706,4657.457896899932
ID559,A,2807.4779870705756,398.054540134432,6432.161260539568
ID560,C,2419.3905466080155,371.0360317953428,-2048.3545148126727
ID561,B,2660.595861589107,390.8854336222461,5321.191723178214
ID562,B,2726.4648640339924,397.071130349828,5452.929728067985
ID563,A,2619.751797350446,368.83895579124066,6015.060613095135
ID564,B,2815.48016102859,406.3397198753338,5630.96032205718
ID565,A,1771.9641964149725,430.02421448647635,3165.771516812536
ID566,C,2643.763251155554,420.7887144947876,-2222.9745366607663
ID567,A,2491.8546480657774,383.42972926070945,5558.4152978937855
ID568,C,1431.2191548776968,410.1564640972972,-1021.0626907803996
ID569,B,2193.5571331392184,408.40240755305354,4387.114266278437
ID570,A,2284.5302920013482,387.7694750708483,4914.7435006498035
ID571,C,2296.9351376871464,415.07371365548016,-1881.8614240316663
ID572,A,2490.3289483348226,405.42701202593724,5443.8517848747815
ID573,C,2181.9678331226023,394.8926935958294,-1787.075139526773
ID574,C,2461.4360216593477,406.93580467562435,-2054.5002169837235
ID575,A,2362.1253890260928,386.9982973089045,5151.384680533756
ID576,B,2881.5646512491535,409.7990555390299,5763.129302498307
ID577,B,2299.3945506989717,370.6534247197874,4598.789101397943
ID578,A,2382.4275176572487,398.07288966175054,5156.918104662994
ID579,C,2483.2003274859667,389.567070149482,-2093.633257336485
ID580,A,2467.110233376696,381.2232879584132,5495.214260338023
ID581,B,2623.8183478725023,397.74836624929014,5247.6366957450045
ID582,A,2458.4859805629176,403.21995452223643,5359.35816907757
ID583,B,2333.5981126401175,370.748532572823,4667.196225280235
ID584,B,2595.439363737492,379.92011229156776,5190.878727474984
ID585,B,2220.2986312048324,405.5683659454363,4440.597262409665
ID586,C,2445.4981144102117,421.4312976569383,-2024.0668167532733
ID587,C,2702.261073059215,391.1077309497134,-2311.153342109502
ID588,B,2105.726244033997,395.3132696326093,4211.452488067994
ID589,A,2536.8639226985174,400.7267686975444,5606.95792460783
ID590,B,2772.450818756003,402.0400200686941,5544.901637512006
ID591,B,2839.395245801886,393.42920678312674,5678.790491603772
ID592,A,2375.0295514440913,397.7268226353853,5136.454541155347
ID593,A,2967.6881651319018,406.02381166284925,6872.945437081459
ID594,B,2675.444911168318,366.6474101115168,5350.889822336636
ID595,C,2693.158512283017,391.3801882533024,-2301.7783240297144
ID596,A,2634.5566449578664,411.7931472147398,5844.7041987999
ID597,C,2414.493118167766,379.0926752477605,-2035.4004429200056
ID598,A,2732.2738350648897,405.38892536089094,6169.876878390213
ID599,C,2340.2571431335336,417.5635045158879,-1922.6936386176458
ID600,A,2913.5362665420566,410.17991494911183,6689.709224880611
ID601,B,2640.2053739610615,398.1111911789561,5280.410747922123
ID602,C,2680.217761452914,402.2587123357741,-2277.9590491171402
ID603,C,2560.763538127721,386.73287951886647,-2174.0306586088545
ID604,A,2639.2602523502674,390.69217932533195,5964.3198604241425
ID605,B,2902.326233192087,403.4093473553033,5804.652466384174
ID606,B,2680.788921526179,413.8339673286423,5361.577843052358
ID607,B,2636.43427449425,367.69682937262655,5272.8685489885
ID608,B,2259.2259407731717,394.5136497246813,4518.451881546343
ID609,A,2111.0663502499874,394.36236808977094,4361.387210301107
ID610,A,2331.2485965797996,404.9490787675699,4969.000395901549
ID611,B,3083.08674931378,414.7299109190061,6166.17349862756
ID612,A,2210.7403208399405,416.5886955827762,4549.27748460594
ID613,A,2465.980197387631,375.79426484673,5518.969267929243
ID614,B,2547.9466123978023,423.42380851852687,5095.8932247956045
ID615,B,2796.6446721381885,406.0976432640322,5593.289344276377
ID616,A,2155.636845532564,405.38865723284897,4439.967250433447
ID617,C,2454.715960649889,390.78346491748067,-2063.9324957324084
ID618,A,3115.0607796789814,374.625167092105,7472.056503576419
ID619,B,2408.4522765802913,411.3805154855103,4816.9045531605825
ID620,B,2532.9458296486773,389.7658987719719,5065.891659297355
ID621,A,2543.88177424937,384.4219837140947,5709.535404177637
ID622,A,2410.6824021530806,409.52666912408847,5184.413860838798
ID623,B,2277.3355644814774,390.9996168457792,4554.671128962955
ID624,C,3274.468970426843,397.612995969231,-2876.855974457612
ID625,B,2568.3696011078073,393.7357536348917,5136.739202215615
ID626,A,2496.6799579106423,417.12229804066766,5404.428383528588
ID627,C,2498.0994803181443,369.3547312405961,-2128.744749077548
ID628,C,2654.0908574221216,401.8755361420794,-2252.215321280042
ID629,C,2412.8497012676116,403.05411921772713,-2009.7955820498846
ID630,C,2277.644390718955,386.7290927015892,-1890.9152980173658
ID631,C,2323.896281317735,399.5968414403255,-1924.2994398774094
ID632,C,3360.0796906150053,406.62724882035326,-2953.4524417946523
ID633,B,2791.5641819603625,415.05997090723776,5583.128363920725
ID634,B,2975.9887041727297,410.2426103905782,5951.9774083454595
ID635,B,2669.3416126215056,404.8906732826532,5338.683225243011
ID636,C,2900.4866164641953,406.3807605478528,-2494.1058559163425
ID637,B,2709.987575874602,348.5761951140864,5419.975151749204
ID638,B,2195.2710527859504,395.55496492315433,4390.542105571901
ID639,B,3026.981463095789,393.4009314836079,6053.962926191578
ID640,B,2242.9220717133026,386.9925297177578,4485.844143426605
ID641,A,2515.77974574356,398.4933980602131,5554.872246929614
ID642,B,3113.5138965268634,415.2750099563862,6227.027793053727
ID643,A,3525.1001264866404,381.0029024730898,8670.285867094472
ID644,C,2802.872336179925,402.5025805424985,-2400.3697556374264
ID645,C,2877.672450707342,402.0022508845231,-2475.6701998228186
ID646,A,1917.7106399800607,410.0803674130741,3702.730082874812
ID647,C,3256.7174921118676,408.2005814989599,-2848.516910612908
ID648,C,2764.4749107341586,411.68502101571437,-2352.789889718444
ID649,B,2264.449232320508,387.8540827355623,4528.898464641016
ID650,C,1559.9927067491844,379.97747387459657,-1180.0152328745878
ID651,B,2092.7468227295694,423.32105962119584,4185.493645459139
ID652,A,1968.5842678974557,376.0709133859247,4025.398236762743
ID653,B,3326.4105501263357,381.08884612406234,6652.821100252671
ID654,A,2366.5053657506464,377.99829325376464,5209.5246309831155
ID655,A,2086.7471755012584,408.8865460977564,4215.808796014993
ID656,A,2496.6695836021,410.9269119349813,5435.374191131394
ID657,C,2343.6827593669177,401.30755271288496,-1942.3752066540328
ID658,C,2803.098649243717,399.14212786441647,-2403.9565213793003
ID659,B,2278.078486477714,374.6380345314306,4556.156972955428
ID660,C,3029.9914940716335,404.66230982395297,-2625.3291842476806
ID661,A,2208.2756518432725,373.7894450900064,4755.879730079785
ID662,B,2372.713806450183,419.6261941683617,4745.427612900366
ID663,A,2456.7970324060184,394.66742607290604,5397.053966853525
ID664,C,2367.3185676961966,412.11460817312764,-1955.203959523069
ID665,B,1858.0685811224018,401.5739768168954,3716.1371622448037
ID666,B,2399.81697613928,407.5699309508679,4799.63395227856
ID667,C,2638.6591851988073,382.2583112284471,-2256.4008739703604
ID668,A,2177.854612530797,400.86518907436783,4529.237892220553
ID669,A,2676.4019831779938,404.74411118080224,6005.4853936299705
ID670,A,2480.6624792749526,373.49786577240076,5574.4981089628545
ID671,B,2953.143238850278,421.9712911836671,5906.286477700556
ID672,B,2772.1520896901106,401.41504592089245,5544.304179380221
ID673,C,2361.0364147284968,397.07604791023016,-1963.9603668182667
ID674,A,2659.695896918821,403.3843193486795,5962.166094013065
ID675,C,2147.1889129159986,400.4491637109201,-1746.7397492050784
ID676,C,2337.645128309203,382.00441849893355,-1955.6407098102693
ID677,C,2725.8756724493187,407.5070273867922,-2318.3686450625264
ID678,A,1893.2571581521606,398.7368940458402,3686.087004227281
ID679,C,3294.8116731791147,397.8249542591399,-2896.986718919975
ID680,B,2729.9507487122773,394.2670076280266,5459.901497424555
ID681,A,2733.9958912800294,408.8222649838,6157.876348921089
ID682,C,1933.6894722375018,439.80484183404474,-1493.884630403457
ID683,B,2625.7269659876765,383.47134443297324,5251.453931975353
ID684,C,2381.4670565652273,390.8733491164054,-1990.593707448822
ID685,C,1939.9596531528614,394.8875295689515,-1545.0721235839098
ID686,B,2414.416558398746,402.95605542450807,4828.833116797492
ID687,B,2179.2279802944213,416.94946855969147,4358.455960588843
ID688,A,2626.641671208809,383.81963111084696,5960.826858072192
ID689,A,2988.855981308496,403.9228385291803,6946.953751279588
ID690,B,2737.751740316458,407.1034459945811,5475.503480632916
ID691,A,2926.6134853497315,385.90298572970096,6850.32552740069
ID692,C,2133.589927077883,418.31466375324516,-1715.275263324638
ID693,B,2142.9615173982484,387.2065212708591,4285.923034796497
ID694,C,2036.2764600421312,411.0755265341502,-1625.200933507981
ID695,C,2694.395133771895,405.13664283277416,-2289.2584909391207
ID696,C,2639.0548292546814,386.52076331449024,-2252.5340659401913
ID697,C,2082.788479233132,400.7044393663935,-1682.0840398667385
ID698,A,2791.4731850305984,376.15135223665624,6493.662793908515
ID699,B,2463.6629820109074,418.2997605622679,4927.325964021815
ID700,A,2796.6400501513717,392.7664170508511,6426.0880651998605
ID701,A,2390.1556026348394,404.7350035051708,5146.791790378665
ID702,C,2666.76729510791,399.2822209249902,-2267.4850741829196
ID703,C,2340.0516144965477,393.1878318849901,-1946.8637826115576
ID704,B,2572.516831109064,391.6483918899382,5145.033662218128
ID705,B,2479.3842742558104,403.7998145720834,4958.768548511621
ID706,A,2421.800507274016,404.0889371054512,5244.956836294792
ID707,C,2315.3980434080736,398.19835875298094,-1917.1996846550926
ID708,C,2178.5702303423604,405.3968511862349,-1773.1733791561255
ID709,B,2833.483315808272,379.0153700755906,5666.966631616544
ID710,A,2800.1896100636864,406.0350038228975,6370.393811076572
ID711,A,2339.0770868599325,399.3123547357429,5020.6694869010835
ID712,C,2063.6980622335345,424.0258012568787,-1639.6722609766557
ID713,C,2741.4369414260486,407.1134099424512,-2334.3235314835974
ID714,B,2133.8715353137763,414.9567381007579,4267.743070627553
ID715,C,2980.127472414845,385.72699072672395,-2594.400481688121
ID716,A,2590.4064919390376,404.27098358589046,5749.86455788766
ID717,C,2724.916795228086,391.2788463378015,-2333.6379488902844
ID718,B,2391.2750133217987,399.56919333372457,4782.550026643597
ID719,C,2648.051773979082,406.5794309806111,-2241.472342998471
ID720,C,2147.3835075015736,392.76881218072106,-1754.6146953208527
ID721,A,2014.434814881459,397.22079329713426,4057.200478158706
ID722,A,3040.9482310631515,391.5133000312344,7165.278193033282
ID723,A,2446.0081092086943,391.55891482110053,5380.22975352058
ID724,A,2239.717983634912,395.36744370528424,4742.316732378315
ID725,C,2616.5042585220212,375.5873873516507,-2240.9168711703705
ID726,A,2288.0344593244763,402.33152638972865,4852.445746024786
ID727,B,1961.621498886054,393.23242513138644,3923.242997772108
ID728,C,2267.9171722319948,397.3718400830669,-1870.5453321489279
ID729,A,2623.190146326525,396.60391963975314,5886.550840780808
ID730,A,3054.433221290233,406.1646200056051,7132.476563842673
ID731,B,2482.8238269353137,421.9355471790364,4965.647653870627
ID732,C,2293.587400638029,402.23761545178223,-1891.349785186247
ID733,B,2012.6357606700337,388.3891766342289,4025.2715213400675
ID734,C,2486.0569435149846,397.39581661666256,-2088.661126898322
ID735,A,2714.2615623252586,416.23672681838264,6061.601052883863
ID736,A,2200.1380773000365,390.9936401748856,4645.446031025682
ID737,A,1916.1337594866613,416.3026673677127,3666.8879416214204
ID738,C,2641.3262470796535,378.27897900079273,-2263.0472680788607
ID739,C,2480.5907226957042,413.90021868464197,-2066.6905040110623
ID740,A,2887.9562013918535,387.17852959522435,6727.97595619944
ID741,B,2721.9205544932056,404.8634868806665,5443.841108986411
ID742,B,2088.4118474924526,391.6389728308311,4176.823694984905
ID743,A,2016.630984143488,403.0446399753967,4034.6697525534805
ID744,C,2667.125411374708,370.8587144612454,-2296.2666969134625
ID745,B,3143.7793272829185,397.0683617668413,6287.558654565837
ID746,B,2640.444600676785,414.87841354942793,5280.88920135357
ID747,A,2429.711459795434,417.4483076407265,5201.89284118267
ID748,A,2529.188265363383,390.5592412311709,5634.768589934294
ID749,C,2725.1419888425,399.0774299085982,-2326.0645589339015
ID750,B,2706.6302164057784,380.06214313518916,5413.260432811557
ID751,A,2479.013669160238,410.84643087045254,5382.80885312845
ID752,A,2763.6773220747777,421.7400158157016,6182.331887145825
ID753,A,2463.091860807901,418.6159603393166,5296.19578072712
ID754,C,2337.199732516086,405.49821805243715,-1931.701514463649
ID755,A,2463.3095734183726,412.3457699697332,5328.199870406452
ID756,A,3251.330461131207,407.74019016128324,7715.290432587204
ID757,B,2206.8264059415374,393.31509836450215,4413.652811883075
ID758,C,2427.895979062945,405.78469919749836,-2022.1112798654467
ID759,A,2141.467720320551,398.9683103879995,4429.561609021655
ID760,A,2638.3155432519393,395.35326941555655,5938.180282678035
ID761,C,2241.001608634248,406.2618244955537,-1834.7397841386942
ID762,A,2336.2139064642442,384.8646008602422,5084.318715091522
ID763,C,2610.1324719433683,392.34816130189165,-2217.7843106414766
ID764,B,2564.2641315503733,390.3531371226201,5128.528263100747
ID765,B,2541.956672835549,405.03459115313086,5083.913345671098
ID766,C,2603.096798125592,397.4196106789416,-2205.6771874466504
ID767,B,2522.6857380493766,431.1759498985123,5045.371476098753
ID768,A,2541.4008851399435,403.2745822581186,5607.829744129238
ID769,A,2092.0646123898564,405.554933165888,4248.419171340129
ID770,B,2813.702532134796,387.3045993596387,5627.405064269592
ID771,C,2773.837768790895,420.89570111626193,-2352.942067674633
ID772,B,2188.339235310511,403.5555108447745,4376.678470621022
ID773,C,2547.695729841644,420.62809111927,-2127.0676387223743
ID774,B,2898.0918446662563,413.0144430533796,5796.183689332513
ID775,B,2436.3416471705373,417.4869785443952,4872.6832943410745
ID776,C,2515.9461621876076,403.87081461593016,-2112.0753475716774
ID777,C,2701.18194096149,410.69972679546396,-2290.482214166026
ID778,C,2687.8901689937597,394.45094119638316,-2293.4392277973766
ID779,A,2249.33711999569,387.6174816291454,4809.923951841343
ID780,B,2648.678424125661,412.60199466778954,5297.356848251322
ID781,A,2664.234475797403,414.84180696952575,5918.4943925445805
ID782,C,2328.2221138923014,415.48640990964066,-1912.7357039826607
ID783,A,2269.3679896112662,392.8805247024881,4843.7013453213585
ID784,A,2909.5944961767746,386.83621550725854,6794.602410994031
ID785,B,2506.9794724162175,397.8823577250501,5013.958944832435
ID786,A,2614.5359010592783,421.5109225295198,5736.053090530236
ID787,C,2209.8494441741304,406.70483011713395,-1803.1446140569965
ID788,C,2598.302402959687,383.8380513931222,-2214.464351566565
ID789,C,2145.1881977142793,397.0245391272342,-1748.1636585870451
ID790,A,2395.1477285156084,389.32120156321884,5238.83717773073
ID791,C,2338.2196321925626,398.3770576008783,-1939.8425745916843
ID792,C,2323.9984368638516,414.49876358089193,-1909.4996732829595
ID793,B,2253.688032079928,401.52292761379135,4507.376064159856
ID794,A,1934.7881795015123,414.03070064126155,3734.211035298229
ID795,A,2445.7107751522303,405.1211630923148,5311.526509995117
ID796,B,2713.8670961539583,395.246719828525,5427.734192307917
ID797,C,3005.4402304340188,405.96266704927945,-2599.4775633847394
ID798,B,2563.0018335789737,400.72229864201546,5126.003667157947
ID799,B,2237.7599697418323,403.44653975299764,4475.5199394836645
ID800,B,2404.7373237679276,392.0211551248867,4809.474647535855
